Path,Lines of code,Lines of code generated,Lines of user code, Percentage of generated code
/datesr,1591,1591,0,"100,00"
/datesr/.settings,5,5,0,"100,00"
/datesr/pfaa,52,52,0,"100,00"
/datesr/pfaa/CoolReader,424,424,0,"100,00"
/datesr/pfaa/CoolReader/android,512,512,0,"100,00"
/datesr/pfaa/CoolReader/android/jni,2964,2964,0,"100,00"
/datesr/pfaa/CoolReader/android/res/drawable,2927,2927,0,"100,00"
/datesr/pfaa/CoolReader/android/res/layout,1058,1058,0,"100,00"
/datesr/pfaa/CoolReader/android/res/menu,52,52,0,"100,00"
/datesr/pfaa/CoolReader/android/res/raw,993,993,0,"100,00"
/datesr/pfaa/CoolReader/android/res/values,216,216,0,"100,00"
/datesr/pfaa/CoolReader/android/res/values-ru,151,151,0,"100,00"
/datesr/pfaa/CoolReader/android/res/values-uk,151,151,0,"100,00"
/datesr/pfaa/CoolReader/android/src/org/coolreader,1173,1173,0,"100,00"
/datesr/pfaa/CoolReader/android/src/org/coolreader/crengine,10182,10182,0,"100,00"
/datesr/pfaa/CoolReader/cr3gui,701,701,0,"100,00"
/datesr/pfaa/CoolReader/cr3gui/data,1090,1090,0,"100,00"
/datesr/pfaa/CoolReader/cr3gui/data/desktop,47,47,0,"100,00"
/datesr/pfaa/CoolReader/cr3gui/data/devices/n516/keymaps,571,571,0,"100,00"
/datesr/pfaa/CoolReader/cr3gui/data/devices/n516/skins/default,860,860,0,"100,00"
/datesr/pfaa/CoolReader/cr3gui/data/devices/v3/keymaps,543,543,0,"100,00"
/datesr/pfaa/CoolReader/cr3gui/data/devices/v3/skins/classic,709,709,0,"100,00"
/datesr/pfaa/CoolReader/cr3gui/data/devices/v3/skins/default,879,879,0,"100,00"
/datesr/pfaa/CoolReader/cr3gui/data/devices/v3/skins/white,560,560,0,"100,00"
/datesr/pfaa/CoolReader/cr3gui/data/devices/v3a/keymaps,533,533,0,"100,00"
/datesr/pfaa/CoolReader/cr3gui/data/devices/v3a/skins/default,879,879,0,"100,00"
/datesr/pfaa/CoolReader/cr3gui/data/devices/v5/keymaps,536,536,0,"100,00"
/datesr/pfaa/CoolReader/cr3gui/data/devices/v5/skins/default,879,879,0,"100,00"
/datesr/pfaa/CoolReader/cr3gui/data/hyph,655,655,0,"100,00"
/datesr/pfaa/CoolReader/cr3gui/data/manual,442,442,0,"100,00"
/datesr/pfaa/CoolReader/cr3gui/po,10288,10288,0,"100,00"
/datesr/pfaa/CoolReader/cr3gui/src,12542,12542,0,"100,00"
/datesr/pfaa/CoolReader/cr3qt,164,164,0,"100,00"
/datesr/pfaa/CoolReader/cr3qt/data,665,665,0,"100,00"
/datesr/pfaa/CoolReader/cr3qt/data/docs,43,43,0,"100,00"
/datesr/pfaa/CoolReader/cr3qt/data/hyph,655,655,0,"100,00"
/datesr/pfaa/CoolReader/cr3qt/data/skins/default,39,39,0,"100,00"
/datesr/pfaa/CoolReader/cr3qt/src,7461,7461,0,"100,00"
/datesr/pfaa/CoolReader/cr3qt/src/desktop,293,293,0,"100,00"
/datesr/pfaa/CoolReader/cr3qt/src/i18n,7853,7853,0,"100,00"
/datesr/pfaa/CoolReader/cr3qt/src/icons,456,456,0,"100,00"
/datesr/pfaa/CoolReader/cr3qt/src/qtc-gdbmacros,3562,3562,0,"100,00"
/datesr/pfaa/CoolReader/cr3wx,888,888,0,"100,00"
/datesr/pfaa/CoolReader/cr3wx/macros,6,6,0,"100,00"
/datesr/pfaa/CoolReader/cr3wx/src,5470,5470,0,"100,00"
/datesr/pfaa/CoolReader/cr3wx/src/resources,5678,5678,0,"100,00"
/datesr/pfaa/CoolReader/cr3wx/templates,38,38,0,"100,00"
/datesr/pfaa/CoolReader/crengine,530,530,0,"100,00"
/datesr/pfaa/CoolReader/crengine/Tools/Fb2Linux,1777,1777,0,"100,00"
/datesr/pfaa/CoolReader/crengine/Tools/Fb2Test,2080,2080,0,"100,00"
/datesr/pfaa/CoolReader/crengine/Tools/FontConv,2256,2256,0,"100,00"
/datesr/pfaa/CoolReader/crengine/Tools/FontConv/res,14,14,0,"100,00"
/datesr/pfaa/CoolReader/crengine/Tools/langstat,686,686,0,"100,00"
/datesr/pfaa/CoolReader/crengine/docs,360,360,0,"100,00"
/datesr/pfaa/CoolReader/crengine/doxygen,1237,1237,0,"100,00"
/datesr/pfaa/CoolReader/crengine/include,14592,14592,0,"100,00"
/datesr/pfaa/CoolReader/crengine/lib/projects/codeblocks,2320,2320,0,"100,00"
/datesr/pfaa/CoolReader/crengine/lib/projects/vc2008,2163,2163,0,"100,00"
/datesr/pfaa/CoolReader/crengine/lib/projects/vc6,695,695,0,"100,00"
/datesr/pfaa/CoolReader/crengine/src,53336,53336,0,"100,00"
/datesr/pfaa/CoolReader/fb2props,299,299,0,"100,00"
/datesr/pfaa/CoolReader/packages/openinkpot/debian,827,827,0,"100,00"
/datesr/pfaa/CoolReader/packages/ubuntu/debian,106,106,0,"100,00"
/datesr/pfaa/CoolReader/packages/ubuntu/debian/source,1,1,0,"100,00"
/datesr/pfaa/CoolReader/thirdparty/antiword,36087,36087,0,"100,00"
/datesr/pfaa/CoolReader/thirdparty/antiword/Docs,1815,1815,0,"100,00"
/datesr/pfaa/CoolReader/thirdparty/antiword/Resources,9521,9521,0,"100,00"
/datesr/pfaa/CoolReader/thirdparty/antiword/Unix-only,2458,2458,0,"100,00"
/datesr/pfaa/CoolReader/thirdparty/antiword/Unix-only/KDE1-only,344,344,0,"100,00"
/datesr/pfaa/CoolReader/thirdparty/antiword/Unix-only/KDE3-only,135,135,0,"100,00"
/datesr/pfaa/CoolReader/thirdparty/antiword/Unix-only/RPM-only,49,49,0,"100,00"
/datesr/pfaa/CoolReader/thirdparty/antiword/Win32-only,979,979,0,"100,00"
/datesr/pfaa/CoolReader/thirdparty/chmlib,38253,38253,0,"100,00"
/datesr/pfaa/CoolReader/thirdparty/chmlib/contrib,20,20,0,"100,00"
/datesr/pfaa/CoolReader/thirdparty/chmlib/src,4444,4444,0,"100,00"
/datesr/pfaa/CoolReader/thirdparty/freetype,20434,20434,0,"100,00"
/datesr/pfaa/CoolReader/thirdparty/freetype/builds,1000,1000,0,"100,00"
/datesr/pfaa/CoolReader/thirdparty/freetype/builds/amiga,972,972,0,"100,00"
/datesr/pfaa/CoolReader/thirdparty/freetype/builds/amiga/include/freetype/config,215,215,0,"100,00"
/datesr/pfaa/CoolReader/thirdparty/freetype/builds/amiga/src/base,801,801,0,"100,00"
/datesr/pfaa/CoolReader/thirdparty/freetype/builds/ansi,95,95,0,"100,00"
/datesr/pfaa/CoolReader/thirdparty/freetype/builds/atari,136,136,0,"100,00"
/datesr/pfaa/CoolReader/thirdparty/freetype/builds/beos,136,136,0,"100,00"
/datesr/pfaa/CoolReader/thirdparty/freetype/builds/compiler,973,973,0,"100,00"
/datesr/pfaa/CoolReader/thirdparty/freetype/builds/dos,249,249,0,"100,00"
/datesr/pfaa/CoolReader/thirdparty/freetype/builds/mac,4029,4029,0,"100,00"
/datesr/pfaa/CoolReader/thirdparty/freetype/builds/os2,173,173,0,"100,00"
/datesr/pfaa/CoolReader/thirdparty/freetype/builds/symbian,202,202,0,"100,00"
/datesr/pfaa/CoolReader/thirdparty/freetype/builds/unix,35331,35331,0,"100,00"
/datesr/pfaa/CoolReader/thirdparty/freetype/builds/vms,659,659,0,"100,00"
/datesr/pfaa/CoolReader/thirdparty/freetype/builds/win32,763,763,0,"100,00"
/datesr/pfaa/CoolReader/thirdparty/freetype/builds/win32/visualc,2648,2648,0,"100,00"
/datesr/pfaa/CoolReader/thirdparty/freetype/builds/win32/visualce,14333,14333,0,"100,00"
/datesr/pfaa/CoolReader/thirdparty/freetype/devel,713,713,0,"100,00"
/datesr/pfaa/CoolReader/thirdparty/freetype/docs,6159,6159,0,"100,00"
/datesr/pfaa/CoolReader/thirdparty/freetype/docs/reference,17999,17999,0,"100,00"
/datesr/pfaa/CoolReader/thirdparty/freetype/include,39,39,0,"100,00"
/datesr/pfaa/CoolReader/thirdparty/freetype/include/freetype,16956,16956,0,"100,00"
/datesr/pfaa/CoolReader/thirdparty/freetype/include/freetype/config,2066,2066,0,"100,00"
/datesr/pfaa/CoolReader/thirdparty/freetype/include/freetype/internal,7860,7860,0,"100,00"
/datesr/pfaa/CoolReader/thirdparty/freetype/include/freetype/internal/services,1100,1100,0,"100,00"
/datesr/pfaa/CoolReader/thirdparty/freetype/objs,2,2,0,"100,00"
/datesr/pfaa/CoolReader/thirdparty/freetype/src,25,25,0,"100,00"
/datesr/pfaa/CoolReader/thirdparty/freetype/src/autofit,10514,10514,0,"100,00"
/datesr/pfaa/CoolReader/thirdparty/freetype/src/base,18210,18210,0,"100,00"
/datesr/pfaa/CoolReader/thirdparty/freetype/src/bdf,4062,4062,0,"100,00"
/datesr/pfaa/CoolReader/thirdparty/freetype/src/cache,5228,5228,0,"100,00"
/datesr/pfaa/CoolReader/thirdparty/freetype/src/cff,8124,8124,0,"100,00"
/datesr/pfaa/CoolReader/thirdparty/freetype/src/cid,2695,2695,0,"100,00"
/datesr/pfaa/CoolReader/thirdparty/freetype/src/gxvalid,9980,9980,0,"100,00"
/datesr/pfaa/CoolReader/thirdparty/freetype/src/gzip,4165,4165,0,"100,00"
/datesr/pfaa/CoolReader/thirdparty/freetype/src/lzw,1068,1068,0,"100,00"
/datesr/pfaa/CoolReader/thirdparty/freetype/src/otvalid,4988,4988,0,"100,00"
/datesr/pfaa/CoolReader/thirdparty/freetype/src/pcf,2759,2759,0,"100,00"
/datesr/pfaa/CoolReader/thirdparty/freetype/src/pfr,4336,4336,0,"100,00"
/datesr/pfaa/CoolReader/thirdparty/freetype/src/psaux,5860,5860,0,"100,00"
/datesr/pfaa/CoolReader/thirdparty/freetype/src/pshinter,5246,5246,0,"100,00"
/datesr/pfaa/CoolReader/thirdparty/freetype/src/psnames,4881,4881,0,"100,00"
/datesr/pfaa/CoolReader/thirdparty/freetype/src/raster,4016,4016,0,"100,00"
/datesr/pfaa/CoolReader/thirdparty/freetype/src/sfnt,10846,10846,0,"100,00"
/datesr/pfaa/CoolReader/thirdparty/freetype/src/smooth,2751,2751,0,"100,00"
/datesr/pfaa/CoolReader/thirdparty/freetype/src/tools,6356,6356,0,"100,00"
/datesr/pfaa/CoolReader/thirdparty/freetype/src/tools/docmaker,1971,1971,0,"100,00"
/datesr/pfaa/CoolReader/thirdparty/freetype/src/tools/ftrandom,742,742,0,"100,00"
/datesr/pfaa/CoolReader/thirdparty/freetype/src/truetype,14550,14550,0,"100,00"
/datesr/pfaa/CoolReader/thirdparty/freetype/src/type1,5283,5283,0,"100,00"
/datesr/pfaa/CoolReader/thirdparty/freetype/src/type42,2538,2538,0,"100,00"
/datesr/pfaa/CoolReader/thirdparty/freetype/src/winfonts,1442,1442,0,"100,00"
/datesr/pfaa/CoolReader/thirdparty/libjpeg,33901,33901,0,"100,00"
/datesr/pfaa/CoolReader/thirdparty/libpng,37986,37986,0,"100,00"
/datesr/pfaa/CoolReader/thirdparty/libpng/projects,12,12,0,"100,00"
/datesr/pfaa/CoolReader/thirdparty/libpng/projects/beos,261,261,0,"100,00"
/datesr/pfaa/CoolReader/thirdparty/libpng/projects/cbuilder5,403,403,0,"100,00"
/datesr/pfaa/CoolReader/thirdparty/libpng/projects/visualc6,902,902,0,"100,00"
/datesr/pfaa/CoolReader/thirdparty/libpng/projects/visualc71,2041,2041,0,"100,00"
/datesr/pfaa/CoolReader/thirdparty/libpng/scripts,8365,8365,0,"100,00"
/datesr/pfaa/CoolReader/thirdparty/zlib,14991,14991,0,"100,00"
/datesr/pfaa/CoolReader/thirdparty/zlib/examples,3505,3505,0,"100,00"
/datesr/pfaa/CoolReader/thirdparty/zlib/projects,41,41,0,"100,00"
/datesr/pfaa/CoolReader/thirdparty/zlib/projects/visualc6,1297,1297,0,"100,00"
/datesr/pfaa/CoolReader/thirdparty/zlib/win32,942,942,0,"100,00"
/datesr/pfaa/CoolReader/tinydict,1548,1548,0,"100,00"
/datesr/pfaa/CoolReader/tools,1174,1174,0,"100,00"
/datesr/pfaa/focalboard,2539,2539,0,"100,00"
/datesr/pfaa/focalboard/.github,0,0,0,"0,00"
/datesr/pfaa/focalboard/.github/ISSUE_TEMPLATE,81,81,0,"100,00"
/datesr/pfaa/focalboard/.github/codeql,16,16,0,"100,00"
/datesr/pfaa/focalboard/.github/workflows,712,712,0,"100,00"
/datesr/pfaa/focalboard/.vscode,165,165,0,"100,00"
/datesr/pfaa/focalboard/docker,190,190,0,"100,00"
/datesr/pfaa/focalboard/docker-testing,72,72,0,"100,00"
/datesr/pfaa/focalboard/docs,1096,1096,0,"100,00"
/datesr/pfaa/focalboard/experiments/webext,16228,16228,0,"100,00"
/datesr/pfaa/focalboard/experiments/webext/icons,121,121,0,"100,00"
/datesr/pfaa/focalboard/experiments/webext/src/utils,170,170,0,"100,00"
/datesr/pfaa/focalboard/experiments/webext/src/views,267,267,0,"100,00"
/datesr/pfaa/focalboard/import,11,11,0,"100,00"
/datesr/pfaa/focalboard/import/asana,3479,3479,0,"100,00"
/datesr/pfaa/focalboard/import/asana/.vscode,54,54,0,"100,00"
/datesr/pfaa/focalboard/import/jira,9766,9766,0,"100,00"
/datesr/pfaa/focalboard/import/jira/test,138,138,0,"100,00"
/datesr/pfaa/focalboard/import/nextcloud-deck,4060,4060,0,"100,00"
/datesr/pfaa/focalboard/import/notion,3451,3451,0,"100,00"
/datesr/pfaa/focalboard/import/todoist,3611,3611,0,"100,00"
/datesr/pfaa/focalboard/import/trello,3940,3940,0,"100,00"
/datesr/pfaa/focalboard/import/trello/.vscode,54,54,0,"100,00"
/datesr/pfaa/focalboard/import/util,98,98,0,"100,00"
/datesr/pfaa/focalboard/linux,2469,2469,0,"100,00"
/datesr/pfaa/focalboard/linux/webapp,35829,35829,0,"100,00"
/datesr/pfaa/focalboard/linux/webapp/__mocks__,6,6,0,"100,00"
/datesr/pfaa/focalboard/linux/webapp/cypress,61,61,0,"100,00"
/datesr/pfaa/focalboard/linux/webapp/cypress/integration,695,695,0,"100,00"
/datesr/pfaa/focalboard/linux/webapp/cypress/plugins,27,27,0,"100,00"
/datesr/pfaa/focalboard/linux/webapp/cypress/support,188,188,0,"100,00"
/datesr/pfaa/focalboard/linux/webapp/html-templates,43,43,0,"100,00"
/datesr/pfaa/focalboard/linux/webapp/i18n,10393,10393,0,"100,00"
/datesr/pfaa/focalboard/linux/webapp/src,7933,7933,0,"100,00"
/datesr/pfaa/focalboard/linux/webapp/src/blocks,1124,1124,0,"100,00"
/datesr/pfaa/focalboard/linux/webapp/src/blocks/__snapshots__,322,322,0,"100,00"
/datesr/pfaa/focalboard/linux/webapp/src/boardCloudLimits,11,11,0,"100,00"
/datesr/pfaa/focalboard/linux/webapp/src/boardsCloudLimits,11,11,0,"100,00"
/datesr/pfaa/focalboard/linux/webapp/src/components,7976,7976,0,"100,00"
/datesr/pfaa/focalboard/linux/webapp/src/components/__snapshots__,18338,18338,0,"100,00"
/datesr/pfaa/focalboard/linux/webapp/src/components/blocksEditor,1151,1151,0,"100,00"
/datesr/pfaa/focalboard/linux/webapp/src/components/blocksEditor/__snapshots__,904,904,0,"100,00"
/datesr/pfaa/focalboard/linux/webapp/src/components/blocksEditor/blocks,103,103,0,"100,00"
/datesr/pfaa/focalboard/linux/webapp/src/components/blocksEditor/blocks/attachment,183,183,0,"100,00"
/datesr/pfaa/focalboard/linux/webapp/src/components/blocksEditor/blocks/attachment/__snapshots__,57,57,0,"100,00"
/datesr/pfaa/focalboard/linux/webapp/src/components/blocksEditor/blocks/checkbox,281,281,0,"100,00"
/datesr/pfaa/focalboard/linux/webapp/src/components/blocksEditor/blocks/checkbox/__snapshots__,77,77,0,"100,00"
/datesr/pfaa/focalboard/linux/webapp/src/components/blocksEditor/blocks/divider,83,83,0,"100,00"
/datesr/pfaa/focalboard/linux/webapp/src/components/blocksEditor/blocks/divider/__snapshots__,11,11,0,"100,00"
/datesr/pfaa/focalboard/linux/webapp/src/components/blocksEditor/blocks/h1,169,169,0,"100,00"
/datesr/pfaa/focalboard/linux/webapp/src/components/blocksEditor/blocks/h1/__snapshots__,23,23,0,"100,00"
/datesr/pfaa/focalboard/linux/webapp/src/components/blocksEditor/blocks/h2,169,169,0,"100,00"
/datesr/pfaa/focalboard/linux/webapp/src/components/blocksEditor/blocks/h2/__snapshots__,23,23,0,"100,00"
/datesr/pfaa/focalboard/linux/webapp/src/components/blocksEditor/blocks/h3,169,169,0,"100,00"
/datesr/pfaa/focalboard/linux/webapp/src/components/blocksEditor/blocks/h3/__snapshots__,23,23,0,"100,00"
/datesr/pfaa/focalboard/linux/webapp/src/components/blocksEditor/blocks/image,180,180,0,"100,00"
/datesr/pfaa/focalboard/linux/webapp/src/components/blocksEditor/blocks/image/__snapshots__,44,44,0,"100,00"
/datesr/pfaa/focalboard/linux/webapp/src/components/blocksEditor/blocks/list-item,161,161,0,"100,00"
/datesr/pfaa/focalboard/linux/webapp/src/components/blocksEditor/blocks/list-item/__snapshots__,25,25,0,"100,00"
/datesr/pfaa/focalboard/linux/webapp/src/components/blocksEditor/blocks/quote,178,178,0,"100,00"
/datesr/pfaa/focalboard/linux/webapp/src/components/blocksEditor/blocks/quote/__snapshots__,33,33,0,"100,00"
/datesr/pfaa/focalboard/linux/webapp/src/components/blocksEditor/blocks/text,137,137,0,"100,00"
/datesr/pfaa/focalboard/linux/webapp/src/components/blocksEditor/blocks/text-dev,55,55,0,"100,00"
/datesr/pfaa/focalboard/linux/webapp/src/components/blocksEditor/blocks/text/__snapshots__,74,74,0,"100,00"
/datesr/pfaa/focalboard/linux/webapp/src/components/blocksEditor/blocks/video,176,176,0,"100,00"
/datesr/pfaa/focalboard/linux/webapp/src/components/blocksEditor/blocks/video/__snapshots__,41,41,0,"100,00"
/datesr/pfaa/focalboard/linux/webapp/src/components/boardTemplateSelector,1590,1590,0,"100,00"
/datesr/pfaa/focalboard/linux/webapp/src/components/boardTemplateSelector/__snapshots__,1291,1291,0,"100,00"
/datesr/pfaa/focalboard/linux/webapp/src/components/boardsSwitcher,200,200,0,"100,00"
/datesr/pfaa/focalboard/linux/webapp/src/components/boardsSwitcherDialog,231,231,0,"100,00"
/datesr/pfaa/focalboard/linux/webapp/src/components/boardsSwitcherDialog/__snapshots__,111,111,0,"100,00"
/datesr/pfaa/focalboard/linux/webapp/src/components/calculations,1256,1256,0,"100,00"
/datesr/pfaa/focalboard/linux/webapp/src/components/calculations/__snapshots__,370,370,0,"100,00"
/datesr/pfaa/focalboard/linux/webapp/src/components/calendar,725,725,0,"100,00"
/datesr/pfaa/focalboard/linux/webapp/src/components/calendar/__snapshots__,9103,9103,0,"100,00"
/datesr/pfaa/focalboard/linux/webapp/src/components/cardActionsMenu,216,216,0,"100,00"
/datesr/pfaa/focalboard/linux/webapp/src/components/cardActionsMenu/__snapshots__,368,368,0,"100,00"
/datesr/pfaa/focalboard/linux/webapp/src/components/cardDetail,3486,3486,0,"100,00"
/datesr/pfaa/focalboard/linux/webapp/src/components/cardDetail/__snapshots__,3488,3488,0,"100,00"
/datesr/pfaa/focalboard/linux/webapp/src/components/content,1290,1290,0,"100,00"
/datesr/pfaa/focalboard/linux/webapp/src/components/content/__snapshots__,305,305,0,"100,00"
/datesr/pfaa/focalboard/linux/webapp/src/components/content/archivedFile,89,89,0,"100,00"
/datesr/pfaa/focalboard/linux/webapp/src/components/content/archivedFile/__snapshots__,27,27,0,"100,00"
/datesr/pfaa/focalboard/linux/webapp/src/components/createCategory,364,364,0,"100,00"
/datesr/pfaa/focalboard/linux/webapp/src/components/createCategory/__snapshots__,85,85,0,"100,00"
/datesr/pfaa/focalboard/linux/webapp/src/components/gallery,1232,1232,0,"100,00"
/datesr/pfaa/focalboard/linux/webapp/src/components/gallery/__snapshots__,1735,1735,0,"100,00"
/datesr/pfaa/focalboard/linux/webapp/src/components/globalHeader,416,416,0,"100,00"
/datesr/pfaa/focalboard/linux/webapp/src/components/globalHeader/__snapshots__,1188,1188,0,"100,00"
/datesr/pfaa/focalboard/linux/webapp/src/components/hiddenCardCount,50,50,0,"100,00"
/datesr/pfaa/focalboard/linux/webapp/src/components/kanban,2370,2370,0,"100,00"
/datesr/pfaa/focalboard/linux/webapp/src/components/kanban/__snapshots__,2693,2693,0,"100,00"
/datesr/pfaa/focalboard/linux/webapp/src/components/kanban/calculation,591,591,0,"100,00"
/datesr/pfaa/focalboard/linux/webapp/src/components/kanban/calculation/__snapshots__,680,680,0,"100,00"
/datesr/pfaa/focalboard/linux/webapp/src/components/live-markdown-plugin,283,283,0,"100,00"
/datesr/pfaa/focalboard/linux/webapp/src/components/live-markdown-plugin/block-types,171,171,0,"100,00"
/datesr/pfaa/focalboard/linux/webapp/src/components/live-markdown-plugin/inline-styles,299,299,0,"100,00"
/datesr/pfaa/focalboard/linux/webapp/src/components/live-markdown-plugin/utils,17,17,0,"100,00"
/datesr/pfaa/focalboard/linux/webapp/src/components/markdownEditorInput,386,386,0,"100,00"
/datesr/pfaa/focalboard/linux/webapp/src/components/markdownEditorInput/entryComponent,67,67,0,"100,00"
/datesr/pfaa/focalboard/linux/webapp/src/components/messages,315,315,0,"100,00"
/datesr/pfaa/focalboard/linux/webapp/src/components/onboardingTour,44,44,0,"100,00"
/datesr/pfaa/focalboard/linux/webapp/src/components/onboardingTour/addComments,138,138,0,"100,00"
/datesr/pfaa/focalboard/linux/webapp/src/components/onboardingTour/addComments/__snapshots__,139,139,0,"100,00"
/datesr/pfaa/focalboard/linux/webapp/src/components/onboardingTour/addDescription,138,138,0,"100,00"
/datesr/pfaa/focalboard/linux/webapp/src/components/onboardingTour/addDescription/__snapshots__,137,137,0,"100,00"
/datesr/pfaa/focalboard/linux/webapp/src/components/onboardingTour/addProperties,198,198,0,"100,00"
/datesr/pfaa/focalboard/linux/webapp/src/components/onboardingTour/addProperties/__snapshots__,127,127,0,"100,00"
/datesr/pfaa/focalboard/linux/webapp/src/components/onboardingTour/addView,132,132,0,"100,00"
/datesr/pfaa/focalboard/linux/webapp/src/components/onboardingTour/addView/__snapshots__,127,127,0,"100,00"
/datesr/pfaa/focalboard/linux/webapp/src/components/onboardingTour/copyLink,133,133,0,"100,00"
/datesr/pfaa/focalboard/linux/webapp/src/components/onboardingTour/copyLink/__snapshots__,139,139,0,"100,00"
/datesr/pfaa/focalboard/linux/webapp/src/components/onboardingTour/manageCategories,69,69,0,"100,00"
/datesr/pfaa/focalboard/linux/webapp/src/components/onboardingTour/openCard,136,136,0,"100,00"
/datesr/pfaa/focalboard/linux/webapp/src/components/onboardingTour/openCard/__snapshots__,79,79,0,"100,00"
/datesr/pfaa/focalboard/linux/webapp/src/components/onboardingTour/searchForBoards,64,64,0,"100,00"
/datesr/pfaa/focalboard/linux/webapp/src/components/onboardingTour/shareBoard,142,142,0,"100,00"
/datesr/pfaa/focalboard/linux/webapp/src/components/onboardingTour/shareBoard/__snapshots__,137,137,0,"100,00"
/datesr/pfaa/focalboard/linux/webapp/src/components/onboardingTour/sidebarCategories,120,120,0,"100,00"
/datesr/pfaa/focalboard/linux/webapp/src/components/onboardingTour/tourTipRenderer,84,84,0,"100,00"
/datesr/pfaa/focalboard/linux/webapp/src/components/permissions,137,137,0,"100,00"
/datesr/pfaa/focalboard/linux/webapp/src/components/permissions/__snapshots__,17,17,0,"100,00"
/datesr/pfaa/focalboard/linux/webapp/src/components/pulsating_dot,108,108,0,"100,00"
/datesr/pfaa/focalboard/linux/webapp/src/components/searchDialog,278,278,0,"100,00"
/datesr/pfaa/focalboard/linux/webapp/src/components/shareBoard,2849,2849,0,"100,00"
/datesr/pfaa/focalboard/linux/webapp/src/components/shareBoard/__snapshots__,6392,6392,0,"100,00"
/datesr/pfaa/focalboard/linux/webapp/src/components/sidebar,3526,3526,0,"100,00"
/datesr/pfaa/focalboard/linux/webapp/src/components/sidebar/__snapshots__,4534,4534,0,"100,00"
/datesr/pfaa/focalboard/linux/webapp/src/components/table,3168,3168,0,"100,00"
/datesr/pfaa/focalboard/linux/webapp/src/components/table/__snapshots__,4883,4883,0,"100,00"
/datesr/pfaa/focalboard/linux/webapp/src/components/table/calculation,245,245,0,"100,00"
/datesr/pfaa/focalboard/linux/webapp/src/components/table/calculation/__snapshots__,141,141,0,"100,00"
/datesr/pfaa/focalboard/linux/webapp/src/components/tutorial_tour_tip,1076,1076,0,"100,00"
/datesr/pfaa/focalboard/linux/webapp/src/components/viewHeader,4276,4276,0,"100,00"
/datesr/pfaa/focalboard/linux/webapp/src/components/viewHeader/__snapshots__,8218,8218,0,"100,00"
/datesr/pfaa/focalboard/linux/webapp/src/components/viewLImitDialog,466,466,0,"100,00"
/datesr/pfaa/focalboard/linux/webapp/src/components/viewLImitDialog/__snapshots__,371,371,0,"100,00"
/datesr/pfaa/focalboard/linux/webapp/src/config,11,11,0,"100,00"
/datesr/pfaa/focalboard/linux/webapp/src/fonts/metropolis,1280,1280,0,"100,00"
/datesr/pfaa/focalboard/linux/webapp/src/hooks,158,158,0,"100,00"
/datesr/pfaa/focalboard/linux/webapp/src/insights,16,16,0,"100,00"
/datesr/pfaa/focalboard/linux/webapp/src/onboardingTour,7,7,0,"100,00"
/datesr/pfaa/focalboard/linux/webapp/src/pages,624,624,0,"100,00"
/datesr/pfaa/focalboard/linux/webapp/src/pages/boardPage,727,727,0,"100,00"
/datesr/pfaa/focalboard/linux/webapp/src/pages/welcome,580,580,0,"100,00"
/datesr/pfaa/focalboard/linux/webapp/src/pages/welcome/__snapshots__,115,115,0,"100,00"
/datesr/pfaa/focalboard/linux/webapp/src/properties,207,207,0,"100,00"
/datesr/pfaa/focalboard/linux/webapp/src/properties/checkbox,40,40,0,"100,00"
/datesr/pfaa/focalboard/linux/webapp/src/properties/createdBy,128,128,0,"100,00"
/datesr/pfaa/focalboard/linux/webapp/src/properties/createdBy/__snapshots__,38,38,0,"100,00"
/datesr/pfaa/focalboard/linux/webapp/src/properties/createdTime,52,52,0,"100,00"
/datesr/pfaa/focalboard/linux/webapp/src/properties/date,934,934,0,"100,00"
/datesr/pfaa/focalboard/linux/webapp/src/properties/date/__snapshots__,118,118,0,"100,00"
/datesr/pfaa/focalboard/linux/webapp/src/properties/email,36,36,0,"100,00"
/datesr/pfaa/focalboard/linux/webapp/src/properties/multiperson,235,235,0,"100,00"
/datesr/pfaa/focalboard/linux/webapp/src/properties/multiperson/__snapshots__,433,433,0,"100,00"
/datesr/pfaa/focalboard/linux/webapp/src/properties/multiselect,438,438,0,"100,00"
/datesr/pfaa/focalboard/linux/webapp/src/properties/multiselect/__snapshots__,22,22,0,"100,00"
/datesr/pfaa/focalboard/linux/webapp/src/properties/number,111,111,0,"100,00"
/datesr/pfaa/focalboard/linux/webapp/src/properties/number/__snapshots__,13,13,0,"100,00"
/datesr/pfaa/focalboard/linux/webapp/src/properties/person,578,578,0,"100,00"
/datesr/pfaa/focalboard/linux/webapp/src/properties/person/__snapshots__,934,934,0,"100,00"
/datesr/pfaa/focalboard/linux/webapp/src/properties/phone,33,33,0,"100,00"
/datesr/pfaa/focalboard/linux/webapp/src/properties/select,313,313,0,"100,00"
/datesr/pfaa/focalboard/linux/webapp/src/properties/select/__snapshots__,41,41,0,"100,00"
/datesr/pfaa/focalboard/linux/webapp/src/properties/text,34,34,0,"100,00"
/datesr/pfaa/focalboard/linux/webapp/src/properties/unknown,13,13,0,"100,00"
/datesr/pfaa/focalboard/linux/webapp/src/properties/updatedBy,128,128,0,"100,00"
/datesr/pfaa/focalboard/linux/webapp/src/properties/updatedBy/__snapshots__,15,15,0,"100,00"
/datesr/pfaa/focalboard/linux/webapp/src/properties/updatedTime,127,127,0,"100,00"
/datesr/pfaa/focalboard/linux/webapp/src/properties/updatedTime/__snapshots__,11,11,0,"100,00"
/datesr/pfaa/focalboard/linux/webapp/src/properties/url,304,304,0,"100,00"
/datesr/pfaa/focalboard/linux/webapp/src/properties/url/__snapshots__,81,81,0,"100,00"
/datesr/pfaa/focalboard/linux/webapp/src/statistics,7,7,0,"100,00"
/datesr/pfaa/focalboard/linux/webapp/src/store,2149,2149,0,"100,00"
/datesr/pfaa/focalboard/linux/webapp/src/styles,607,607,0,"100,00"
/datesr/pfaa/focalboard/linux/webapp/src/svg,558,558,0,"100,00"
/datesr/pfaa/focalboard/linux/webapp/src/telemetry,129,129,0,"100,00"
/datesr/pfaa/focalboard/linux/webapp/src/test,223,223,0,"100,00"
/datesr/pfaa/focalboard/linux/webapp/src/types,35,35,0,"100,00"
/datesr/pfaa/focalboard/linux/webapp/src/widgets,1464,1464,0,"100,00"
/datesr/pfaa/focalboard/linux/webapp/src/widgets/__snapshots__,558,558,0,"100,00"
/datesr/pfaa/focalboard/linux/webapp/src/widgets/adminBadge,84,84,0,"100,00"
/datesr/pfaa/focalboard/linux/webapp/src/widgets/adminBadge/__snapshots__,29,29,0,"100,00"
/datesr/pfaa/focalboard/linux/webapp/src/widgets/buttons,455,455,0,"100,00"
/datesr/pfaa/focalboard/linux/webapp/src/widgets/icons,1367,1367,0,"100,00"
/datesr/pfaa/focalboard/linux/webapp/src/widgets/menu,752,752,0,"100,00"
/datesr/pfaa/focalboard/linux/webapp/src/widgets/notificationBox,197,197,0,"100,00"
/datesr/pfaa/focalboard/linux/webapp/src/widgets/notificationBox/__snapshots__,140,140,0,"100,00"
/datesr/pfaa/focalboard/linux/webapp/static,75397,75397,0,"100,00"
/datesr/pfaa/focalboard/mac,41,41,0,"100,00"
/datesr/pfaa/focalboard/mac/Focalboard,656,656,0,"100,00"
/datesr/pfaa/focalboard/mac/Focalboard.xcodeproj,651,651,0,"100,00"
/datesr/pfaa/focalboard/mac/Focalboard.xcodeproj/project.xcworkspace,7,7,0,"100,00"
/datesr/pfaa/focalboard/mac/Focalboard.xcodeproj/project.xcworkspace/xcshareddata,8,8,0,"100,00"
/datesr/pfaa/focalboard/mac/Focalboard.xcodeproj/xcshareddata/xcschemes,78,78,0,"100,00"
/datesr/pfaa/focalboard/mac/Focalboard.xcworkspace,7,7,0,"100,00"
/datesr/pfaa/focalboard/mac/Focalboard.xcworkspace/xcshareddata,8,8,0,"100,00"
/datesr/pfaa/focalboard/mac/Focalboard/Assets.xcassets,6,6,0,"100,00"
/datesr/pfaa/focalboard/mac/Focalboard/Assets.xcassets/AccentColor.colorset,11,11,0,"100,00"
/datesr/pfaa/focalboard/mac/Focalboard/Assets.xcassets/AppIcon.appiconset,1519,1519,0,"100,00"
/datesr/pfaa/focalboard/mac/Focalboard/Base.lproj,1016,1016,0,"100,00"
/datesr/pfaa/focalboard/mac/FocalboardTests,69,69,0,"100,00"
/datesr/pfaa/focalboard/mac/FocalboardUITests,60,60,0,"100,00"
/datesr/pfaa/focalboard/mattermost-plugin,2980,2980,0,"100,00"
/datesr/pfaa/focalboard/mattermost-plugin/.circleci,12,12,0,"100,00"
/datesr/pfaa/focalboard/mattermost-plugin/assets,14,14,0,"100,00"
/datesr/pfaa/focalboard/mattermost-plugin/build,453,453,0,"100,00"
/datesr/pfaa/focalboard/mattermost-plugin/build/manifest,127,127,0,"100,00"
/datesr/pfaa/focalboard/mattermost-plugin/build/pluginctl,172,172,0,"100,00"
/datesr/pfaa/focalboard/mattermost-plugin/build/sync,241,241,0,"100,00"
/datesr/pfaa/focalboard/mattermost-plugin/build/sync/plan,1291,1291,0,"100,00"
/datesr/pfaa/focalboard/mattermost-plugin/build/sync/plan/git,190,190,0,"100,00"
/datesr/pfaa/focalboard/mattermost-plugin/build/sync/plan/testdata,1,1,0,"100,00"
/datesr/pfaa/focalboard/mattermost-plugin/build/sync/plan/testdata/b,1,1,0,"100,00"
/datesr/pfaa/focalboard/mattermost-plugin/public,1,1,0,"100,00"
/datesr/pfaa/focalboard/mattermost-plugin/server,592,592,0,"100,00"
/datesr/pfaa/focalboard/mattermost-plugin/server/boards,1350,1350,0,"100,00"
/datesr/pfaa/focalboard/mattermost-plugin/webapp,39804,39804,0,"100,00"
/datesr/pfaa/focalboard/mattermost-plugin/webapp/i18n,1,1,0,"100,00"
/datesr/pfaa/focalboard/mattermost-plugin/webapp/loaders,23,23,0,"100,00"
/datesr/pfaa/focalboard/mattermost-plugin/webapp/src,595,595,0,"100,00"
/datesr/pfaa/focalboard/mattermost-plugin/webapp/src/components,1843,1843,0,"100,00"
/datesr/pfaa/focalboard/mattermost-plugin/webapp/src/components/__snapshots__,1148,1148,0,"100,00"
/datesr/pfaa/focalboard/mattermost-plugin/webapp/src/components/boardsUnfurl,685,685,0,"100,00"
/datesr/pfaa/focalboard/mattermost-plugin/webapp/src/components/boardsUnfurl/__snapshots__,104,104,0,"100,00"
/datesr/pfaa/focalboard/mattermost-plugin/webapp/src/components/cloudUpgradeNudge,51,51,0,"100,00"
/datesr/pfaa/focalboard/mattermost-plugin/webapp/src/types/mattermost-webapp,26,26,0,"100,00"
/datesr/pfaa/focalboard/mattermost-plugin/webapp/src/types/mm-react-router-dom,3,3,0,"100,00"
/datesr/pfaa/focalboard/mattermost-plugin/webapp/tests,10,10,0,"100,00"
/datesr/pfaa/focalboard/noticegen,42,42,0,"100,00"
/datesr/pfaa/focalboard/server,2410,2410,0,"100,00"
/datesr/pfaa/focalboard/server/admin-scripts,8,8,0,"100,00"
/datesr/pfaa/focalboard/server/api,8057,8057,0,"100,00"
/datesr/pfaa/focalboard/server/app,55835,55835,0,"100,00"
/datesr/pfaa/focalboard/server/assets,46486,46486,0,"100,00"
/datesr/pfaa/focalboard/server/assets/build-template-archive,192,192,0,"100,00"
/datesr/pfaa/focalboard/server/assets/templates-boardarchive,1,1,0,"100,00"
/datesr/pfaa/focalboard/server/assets/templates-boardarchive/b7wnw9awd4pnefryhq51apbzb4c,36,36,0,"100,00"
/datesr/pfaa/focalboard/server/assets/templates-boardarchive/bbkpwdj8x17bdpdqd176n8ctoua,94,94,0,"100,00"
/datesr/pfaa/focalboard/server/assets/templates-boardarchive/bbn1888mprfrm5fjw9f1je9x3xo,3911,3911,0,"100,00"
/datesr/pfaa/focalboard/server/assets/templates-boardarchive/bc41mwxg9ybb69pn9j5zna6d36c,52,52,0,"100,00"
/datesr/pfaa/focalboard/server/assets/templates-boardarchive/bcm39o11e4ib8tye8mt6iyuec9o,12,12,0,"100,00"
/datesr/pfaa/focalboard/server/assets/templates-boardarchive/bd65qbzuqupfztpg31dgwgwm5ga,8,8,0,"100,00"
/datesr/pfaa/focalboard/server/assets/templates-boardarchive/bgi1yqiis8t8xdqxgnet8ebutky,32,32,0,"100,00"
/datesr/pfaa/focalboard/server/assets/templates-boardarchive/bh4pkixqsjift58e1qy6htrgeay,14,14,0,"100,00"
/datesr/pfaa/focalboard/server/assets/templates-boardarchive/bkqk6hpfx7pbsucue7jan5n1o1o,13,13,0,"100,00"
/datesr/pfaa/focalboard/server/assets/templates-boardarchive/brs9cdimfw7fodyi7erqt747rhc,386,386,0,"100,00"
/datesr/pfaa/focalboard/server/assets/templates-boardarchive/bsjd59qtpbf888mqez3ge77domw,7,7,0,"100,00"
/datesr/pfaa/focalboard/server/assets/templates-boardarchive/bui5izho7dtn77xg3thkiqprc9r,1024,1024,0,"100,00"
/datesr/pfaa/focalboard/server/assets/templates-boardarchive/buixxjic3xjfkieees4iafdrznc,49277,49277,0,"100,00"
/datesr/pfaa/focalboard/server/auth,214,214,0,"100,00"
/datesr/pfaa/focalboard/server/auth/mocks,79,79,0,"100,00"
/datesr/pfaa/focalboard/server/client,1091,1091,0,"100,00"
/datesr/pfaa/focalboard/server/integrationtests,10195,10195,0,"100,00"
/datesr/pfaa/focalboard/server/main,323,323,0,"100,00"
/datesr/pfaa/focalboard/server/model,4093,4093,0,"100,00"
/datesr/pfaa/focalboard/server/model/mocks,537,537,0,"100,00"
/datesr/pfaa/focalboard/server/server,583,583,0,"100,00"
/datesr/pfaa/focalboard/server/services/audit,236,236,0,"100,00"
/datesr/pfaa/focalboard/server/services/auth,379,379,0,"100,00"
/datesr/pfaa/focalboard/server/services/config,132,132,0,"100,00"
/datesr/pfaa/focalboard/server/services/metrics,270,270,0,"100,00"
/datesr/pfaa/focalboard/server/services/notify,108,108,0,"100,00"
/datesr/pfaa/focalboard/server/services/notify/notifylogger,59,59,0,"100,00"
/datesr/pfaa/focalboard/server/services/notify/notifymentions,568,568,0,"100,00"
/datesr/pfaa/focalboard/server/services/notify/notifysubscriptions,1543,1543,0,"100,00"
/datesr/pfaa/focalboard/server/services/notify/plugindelivery,397,397,0,"100,00"
/datesr/pfaa/focalboard/server/services/permissions,24,24,0,"100,00"
/datesr/pfaa/focalboard/server/services/permissions/localpermissions,321,321,0,"100,00"
/datesr/pfaa/focalboard/server/services/permissions/mmpermissions,472,472,0,"100,00"
/datesr/pfaa/focalboard/server/services/permissions/mmpermissions/mocks,2656,2656,0,"100,00"
/datesr/pfaa/focalboard/server/services/permissions/mocks,80,80,0,"100,00"
/datesr/pfaa/focalboard/server/services/scheduler,156,156,0,"100,00"
/datesr/pfaa/focalboard/server/services/store,197,197,0,"100,00"
/datesr/pfaa/focalboard/server/services/store/generators,328,328,0,"100,00"
/datesr/pfaa/focalboard/server/services/store/mattermostauthlayer,1387,1387,0,"100,00"
/datesr/pfaa/focalboard/server/services/store/mockstore,1837,1837,0,"100,00"
/datesr/pfaa/focalboard/server/services/store/sqlstore,8896,8896,0,"100,00"
/datesr/pfaa/focalboard/server/services/store/sqlstore/migrations,1117,1117,0,"100,00"
/datesr/pfaa/focalboard/server/services/store/sqlstore/migrationstests,1125,1125,0,"100,00"
/datesr/pfaa/focalboard/server/services/store/sqlstore/migrationstests/fixtures,173,173,0,"100,00"
/datesr/pfaa/focalboard/server/services/store/storetests,6263,6263,0,"100,00"
/datesr/pfaa/focalboard/server/services/telemetry,271,271,0,"100,00"
/datesr/pfaa/focalboard/server/services/telemetry/mocks,147,147,0,"100,00"
/datesr/pfaa/focalboard/server/services/webhook,85,85,0,"100,00"
/datesr/pfaa/focalboard/server/swagger,2098,2098,0,"100,00"
/datesr/pfaa/focalboard/server/swagger/docs/html,35285,35285,0,"100,00"
/datesr/pfaa/focalboard/server/swagger/docs/html/.openapi-generator,1,1,0,"100,00"
/datesr/pfaa/focalboard/server/utils,366,366,0,"100,00"
/datesr/pfaa/focalboard/server/web,255,255,0,"100,00"
/datesr/pfaa/focalboard/server/ws,2649,2649,0,"100,00"
/datesr/pfaa/focalboard/server/ws/mocks,2721,2721,0,"100,00"
/datesr/pfaa/focalboard/webapp,35829,35829,0,"100,00"
/datesr/pfaa/focalboard/webapp/__mocks__,6,6,0,"100,00"
/datesr/pfaa/focalboard/webapp/cypress,61,61,0,"100,00"
/datesr/pfaa/focalboard/webapp/cypress/integration,695,695,0,"100,00"
/datesr/pfaa/focalboard/webapp/cypress/plugins,27,27,0,"100,00"
/datesr/pfaa/focalboard/webapp/cypress/support,188,188,0,"100,00"
/datesr/pfaa/focalboard/webapp/html-templates,43,43,0,"100,00"
/datesr/pfaa/focalboard/webapp/i18n,10393,10393,0,"100,00"
/datesr/pfaa/focalboard/webapp/src,7933,7933,0,"100,00"
/datesr/pfaa/focalboard/webapp/src/blocks,1124,1124,0,"100,00"
/datesr/pfaa/focalboard/webapp/src/blocks/__snapshots__,322,322,0,"100,00"
/datesr/pfaa/focalboard/webapp/src/boardCloudLimits,11,11,0,"100,00"
/datesr/pfaa/focalboard/webapp/src/boardsCloudLimits,11,11,0,"100,00"
/datesr/pfaa/focalboard/webapp/src/components,7976,7976,0,"100,00"
/datesr/pfaa/focalboard/webapp/src/components/__snapshots__,18338,18338,0,"100,00"
/datesr/pfaa/focalboard/webapp/src/components/blocksEditor,1151,1151,0,"100,00"
/datesr/pfaa/focalboard/webapp/src/components/blocksEditor/__snapshots__,904,904,0,"100,00"
/datesr/pfaa/focalboard/webapp/src/components/blocksEditor/blocks,103,103,0,"100,00"
/datesr/pfaa/focalboard/webapp/src/components/blocksEditor/blocks/attachment,183,183,0,"100,00"
/datesr/pfaa/focalboard/webapp/src/components/blocksEditor/blocks/attachment/__snapshots__,57,57,0,"100,00"
/datesr/pfaa/focalboard/webapp/src/components/blocksEditor/blocks/checkbox,281,281,0,"100,00"
/datesr/pfaa/focalboard/webapp/src/components/blocksEditor/blocks/checkbox/__snapshots__,77,77,0,"100,00"
/datesr/pfaa/focalboard/webapp/src/components/blocksEditor/blocks/divider,83,83,0,"100,00"
/datesr/pfaa/focalboard/webapp/src/components/blocksEditor/blocks/divider/__snapshots__,11,11,0,"100,00"
/datesr/pfaa/focalboard/webapp/src/components/blocksEditor/blocks/h1,169,169,0,"100,00"
/datesr/pfaa/focalboard/webapp/src/components/blocksEditor/blocks/h1/__snapshots__,23,23,0,"100,00"
/datesr/pfaa/focalboard/webapp/src/components/blocksEditor/blocks/h2,169,169,0,"100,00"
/datesr/pfaa/focalboard/webapp/src/components/blocksEditor/blocks/h2/__snapshots__,23,23,0,"100,00"
/datesr/pfaa/focalboard/webapp/src/components/blocksEditor/blocks/h3,169,169,0,"100,00"
/datesr/pfaa/focalboard/webapp/src/components/blocksEditor/blocks/h3/__snapshots__,23,23,0,"100,00"
/datesr/pfaa/focalboard/webapp/src/components/blocksEditor/blocks/image,180,180,0,"100,00"
/datesr/pfaa/focalboard/webapp/src/components/blocksEditor/blocks/image/__snapshots__,44,44,0,"100,00"
/datesr/pfaa/focalboard/webapp/src/components/blocksEditor/blocks/list-item,161,161,0,"100,00"
/datesr/pfaa/focalboard/webapp/src/components/blocksEditor/blocks/list-item/__snapshots__,25,25,0,"100,00"
/datesr/pfaa/focalboard/webapp/src/components/blocksEditor/blocks/quote,178,178,0,"100,00"
/datesr/pfaa/focalboard/webapp/src/components/blocksEditor/blocks/quote/__snapshots__,33,33,0,"100,00"
/datesr/pfaa/focalboard/webapp/src/components/blocksEditor/blocks/text,137,137,0,"100,00"
/datesr/pfaa/focalboard/webapp/src/components/blocksEditor/blocks/text-dev,55,55,0,"100,00"
/datesr/pfaa/focalboard/webapp/src/components/blocksEditor/blocks/text/__snapshots__,74,74,0,"100,00"
/datesr/pfaa/focalboard/webapp/src/components/blocksEditor/blocks/video,176,176,0,"100,00"
/datesr/pfaa/focalboard/webapp/src/components/blocksEditor/blocks/video/__snapshots__,41,41,0,"100,00"
/datesr/pfaa/focalboard/webapp/src/components/boardTemplateSelector,1590,1590,0,"100,00"
/datesr/pfaa/focalboard/webapp/src/components/boardTemplateSelector/__snapshots__,1291,1291,0,"100,00"
/datesr/pfaa/focalboard/webapp/src/components/boardsSwitcher,200,200,0,"100,00"
/datesr/pfaa/focalboard/webapp/src/components/boardsSwitcherDialog,231,231,0,"100,00"
/datesr/pfaa/focalboard/webapp/src/components/boardsSwitcherDialog/__snapshots__,111,111,0,"100,00"
/datesr/pfaa/focalboard/webapp/src/components/calculations,1256,1256,0,"100,00"
/datesr/pfaa/focalboard/webapp/src/components/calculations/__snapshots__,370,370,0,"100,00"
/datesr/pfaa/focalboard/webapp/src/components/calendar,725,725,0,"100,00"
/datesr/pfaa/focalboard/webapp/src/components/calendar/__snapshots__,9103,9103,0,"100,00"
/datesr/pfaa/focalboard/webapp/src/components/cardActionsMenu,216,216,0,"100,00"
/datesr/pfaa/focalboard/webapp/src/components/cardActionsMenu/__snapshots__,368,368,0,"100,00"
/datesr/pfaa/focalboard/webapp/src/components/cardDetail,3486,3486,0,"100,00"
/datesr/pfaa/focalboard/webapp/src/components/cardDetail/__snapshots__,3488,3488,0,"100,00"
/datesr/pfaa/focalboard/webapp/src/components/content,1290,1290,0,"100,00"
/datesr/pfaa/focalboard/webapp/src/components/content/__snapshots__,305,305,0,"100,00"
/datesr/pfaa/focalboard/webapp/src/components/content/archivedFile,89,89,0,"100,00"
/datesr/pfaa/focalboard/webapp/src/components/content/archivedFile/__snapshots__,27,27,0,"100,00"
/datesr/pfaa/focalboard/webapp/src/components/createCategory,364,364,0,"100,00"
/datesr/pfaa/focalboard/webapp/src/components/createCategory/__snapshots__,85,85,0,"100,00"
/datesr/pfaa/focalboard/webapp/src/components/gallery,1232,1232,0,"100,00"
/datesr/pfaa/focalboard/webapp/src/components/gallery/__snapshots__,1735,1735,0,"100,00"
/datesr/pfaa/focalboard/webapp/src/components/globalHeader,416,416,0,"100,00"
/datesr/pfaa/focalboard/webapp/src/components/globalHeader/__snapshots__,1188,1188,0,"100,00"
/datesr/pfaa/focalboard/webapp/src/components/hiddenCardCount,50,50,0,"100,00"
/datesr/pfaa/focalboard/webapp/src/components/kanban,2370,2370,0,"100,00"
/datesr/pfaa/focalboard/webapp/src/components/kanban/__snapshots__,2693,2693,0,"100,00"
/datesr/pfaa/focalboard/webapp/src/components/kanban/calculation,591,591,0,"100,00"
/datesr/pfaa/focalboard/webapp/src/components/kanban/calculation/__snapshots__,680,680,0,"100,00"
/datesr/pfaa/focalboard/webapp/src/components/live-markdown-plugin,283,283,0,"100,00"
/datesr/pfaa/focalboard/webapp/src/components/live-markdown-plugin/block-types,171,171,0,"100,00"
/datesr/pfaa/focalboard/webapp/src/components/live-markdown-plugin/inline-styles,299,299,0,"100,00"
/datesr/pfaa/focalboard/webapp/src/components/live-markdown-plugin/utils,17,17,0,"100,00"
/datesr/pfaa/focalboard/webapp/src/components/markdownEditorInput,386,386,0,"100,00"
/datesr/pfaa/focalboard/webapp/src/components/markdownEditorInput/entryComponent,67,67,0,"100,00"
/datesr/pfaa/focalboard/webapp/src/components/messages,315,315,0,"100,00"
/datesr/pfaa/focalboard/webapp/src/components/onboardingTour,44,44,0,"100,00"
/datesr/pfaa/focalboard/webapp/src/components/onboardingTour/addComments,138,138,0,"100,00"
/datesr/pfaa/focalboard/webapp/src/components/onboardingTour/addComments/__snapshots__,139,139,0,"100,00"
/datesr/pfaa/focalboard/webapp/src/components/onboardingTour/addDescription,138,138,0,"100,00"
/datesr/pfaa/focalboard/webapp/src/components/onboardingTour/addDescription/__snapshots__,137,137,0,"100,00"
/datesr/pfaa/focalboard/webapp/src/components/onboardingTour/addProperties,198,198,0,"100,00"
/datesr/pfaa/focalboard/webapp/src/components/onboardingTour/addProperties/__snapshots__,127,127,0,"100,00"
/datesr/pfaa/focalboard/webapp/src/components/onboardingTour/addView,132,132,0,"100,00"
/datesr/pfaa/focalboard/webapp/src/components/onboardingTour/addView/__snapshots__,127,127,0,"100,00"
/datesr/pfaa/focalboard/webapp/src/components/onboardingTour/copyLink,133,133,0,"100,00"
/datesr/pfaa/focalboard/webapp/src/components/onboardingTour/copyLink/__snapshots__,139,139,0,"100,00"
/datesr/pfaa/focalboard/webapp/src/components/onboardingTour/manageCategories,69,69,0,"100,00"
/datesr/pfaa/focalboard/webapp/src/components/onboardingTour/openCard,136,136,0,"100,00"
/datesr/pfaa/focalboard/webapp/src/components/onboardingTour/openCard/__snapshots__,79,79,0,"100,00"
/datesr/pfaa/focalboard/webapp/src/components/onboardingTour/searchForBoards,64,64,0,"100,00"
/datesr/pfaa/focalboard/webapp/src/components/onboardingTour/shareBoard,142,142,0,"100,00"
/datesr/pfaa/focalboard/webapp/src/components/onboardingTour/shareBoard/__snapshots__,137,137,0,"100,00"
/datesr/pfaa/focalboard/webapp/src/components/onboardingTour/sidebarCategories,120,120,0,"100,00"
/datesr/pfaa/focalboard/webapp/src/components/onboardingTour/tourTipRenderer,84,84,0,"100,00"
/datesr/pfaa/focalboard/webapp/src/components/permissions,137,137,0,"100,00"
/datesr/pfaa/focalboard/webapp/src/components/permissions/__snapshots__,17,17,0,"100,00"
/datesr/pfaa/focalboard/webapp/src/components/pulsating_dot,108,108,0,"100,00"
/datesr/pfaa/focalboard/webapp/src/components/searchDialog,278,278,0,"100,00"
/datesr/pfaa/focalboard/webapp/src/components/shareBoard,2849,2849,0,"100,00"
/datesr/pfaa/focalboard/webapp/src/components/shareBoard/__snapshots__,6392,6392,0,"100,00"
/datesr/pfaa/focalboard/webapp/src/components/sidebar,3526,3526,0,"100,00"
/datesr/pfaa/focalboard/webapp/src/components/sidebar/__snapshots__,4534,4534,0,"100,00"
/datesr/pfaa/focalboard/webapp/src/components/table,3168,3168,0,"100,00"
/datesr/pfaa/focalboard/webapp/src/components/table/__snapshots__,4883,4883,0,"100,00"
/datesr/pfaa/focalboard/webapp/src/components/table/calculation,245,245,0,"100,00"
/datesr/pfaa/focalboard/webapp/src/components/table/calculation/__snapshots__,141,141,0,"100,00"
/datesr/pfaa/focalboard/webapp/src/components/tutorial_tour_tip,1076,1076,0,"100,00"
/datesr/pfaa/focalboard/webapp/src/components/viewHeader,4276,4276,0,"100,00"
/datesr/pfaa/focalboard/webapp/src/components/viewHeader/__snapshots__,8218,8218,0,"100,00"
/datesr/pfaa/focalboard/webapp/src/components/viewLImitDialog,466,466,0,"100,00"
/datesr/pfaa/focalboard/webapp/src/components/viewLImitDialog/__snapshots__,371,371,0,"100,00"
/datesr/pfaa/focalboard/webapp/src/config,11,11,0,"100,00"
/datesr/pfaa/focalboard/webapp/src/fonts/metropolis,1280,1280,0,"100,00"
/datesr/pfaa/focalboard/webapp/src/hooks,158,158,0,"100,00"
/datesr/pfaa/focalboard/webapp/src/insights,16,16,0,"100,00"
/datesr/pfaa/focalboard/webapp/src/onboardingTour,7,7,0,"100,00"
/datesr/pfaa/focalboard/webapp/src/pages,624,624,0,"100,00"
/datesr/pfaa/focalboard/webapp/src/pages/boardPage,727,727,0,"100,00"
/datesr/pfaa/focalboard/webapp/src/pages/welcome,580,580,0,"100,00"
/datesr/pfaa/focalboard/webapp/src/pages/welcome/__snapshots__,115,115,0,"100,00"
/datesr/pfaa/focalboard/webapp/src/properties,207,207,0,"100,00"
/datesr/pfaa/focalboard/webapp/src/properties/checkbox,40,40,0,"100,00"
/datesr/pfaa/focalboard/webapp/src/properties/createdBy,128,128,0,"100,00"
/datesr/pfaa/focalboard/webapp/src/properties/createdBy/__snapshots__,38,38,0,"100,00"
/datesr/pfaa/focalboard/webapp/src/properties/createdTime,52,52,0,"100,00"
/datesr/pfaa/focalboard/webapp/src/properties/date,934,934,0,"100,00"
/datesr/pfaa/focalboard/webapp/src/properties/date/__snapshots__,118,118,0,"100,00"
/datesr/pfaa/focalboard/webapp/src/properties/email,36,36,0,"100,00"
/datesr/pfaa/focalboard/webapp/src/properties/multiperson,235,235,0,"100,00"
/datesr/pfaa/focalboard/webapp/src/properties/multiperson/__snapshots__,433,433,0,"100,00"
/datesr/pfaa/focalboard/webapp/src/properties/multiselect,438,438,0,"100,00"
/datesr/pfaa/focalboard/webapp/src/properties/multiselect/__snapshots__,22,22,0,"100,00"
/datesr/pfaa/focalboard/webapp/src/properties/number,111,111,0,"100,00"
/datesr/pfaa/focalboard/webapp/src/properties/number/__snapshots__,13,13,0,"100,00"
/datesr/pfaa/focalboard/webapp/src/properties/person,578,578,0,"100,00"
/datesr/pfaa/focalboard/webapp/src/properties/person/__snapshots__,934,934,0,"100,00"
/datesr/pfaa/focalboard/webapp/src/properties/phone,33,33,0,"100,00"
/datesr/pfaa/focalboard/webapp/src/properties/select,313,313,0,"100,00"
/datesr/pfaa/focalboard/webapp/src/properties/select/__snapshots__,41,41,0,"100,00"
/datesr/pfaa/focalboard/webapp/src/properties/text,34,34,0,"100,00"
/datesr/pfaa/focalboard/webapp/src/properties/unknown,13,13,0,"100,00"
/datesr/pfaa/focalboard/webapp/src/properties/updatedBy,128,128,0,"100,00"
/datesr/pfaa/focalboard/webapp/src/properties/updatedBy/__snapshots__,15,15,0,"100,00"
/datesr/pfaa/focalboard/webapp/src/properties/updatedTime,127,127,0,"100,00"
/datesr/pfaa/focalboard/webapp/src/properties/updatedTime/__snapshots__,11,11,0,"100,00"
/datesr/pfaa/focalboard/webapp/src/properties/url,304,304,0,"100,00"
/datesr/pfaa/focalboard/webapp/src/properties/url/__snapshots__,81,81,0,"100,00"
/datesr/pfaa/focalboard/webapp/src/statistics,7,7,0,"100,00"
/datesr/pfaa/focalboard/webapp/src/store,2149,2149,0,"100,00"
/datesr/pfaa/focalboard/webapp/src/styles,607,607,0,"100,00"
/datesr/pfaa/focalboard/webapp/src/svg,558,558,0,"100,00"
/datesr/pfaa/focalboard/webapp/src/telemetry,129,129,0,"100,00"
/datesr/pfaa/focalboard/webapp/src/test,223,223,0,"100,00"
/datesr/pfaa/focalboard/webapp/src/types,35,35,0,"100,00"
/datesr/pfaa/focalboard/webapp/src/widgets,1464,1464,0,"100,00"
/datesr/pfaa/focalboard/webapp/src/widgets/__snapshots__,558,558,0,"100,00"
/datesr/pfaa/focalboard/webapp/src/widgets/adminBadge,84,84,0,"100,00"
/datesr/pfaa/focalboard/webapp/src/widgets/adminBadge/__snapshots__,29,29,0,"100,00"
/datesr/pfaa/focalboard/webapp/src/widgets/buttons,455,455,0,"100,00"
/datesr/pfaa/focalboard/webapp/src/widgets/icons,1367,1367,0,"100,00"
/datesr/pfaa/focalboard/webapp/src/widgets/menu,752,752,0,"100,00"
/datesr/pfaa/focalboard/webapp/src/widgets/notificationBox,197,197,0,"100,00"
/datesr/pfaa/focalboard/webapp/src/widgets/notificationBox/__snapshots__,140,140,0,"100,00"
/datesr/pfaa/focalboard/webapp/static,75397,75397,0,"100,00"
/datesr/pfaa/focalboard/website,87,87,0,"100,00"
/datesr/pfaa/focalboard/website/site,139,139,0,"100,00"
/datesr/pfaa/focalboard/website/site/archetypes,5,5,0,"100,00"
/datesr/pfaa/focalboard/website/site/content/blog,303,303,0,"100,00"
/datesr/pfaa/focalboard/website/site/content/docs/personal-edition,365,365,0,"100,00"
/datesr/pfaa/focalboard/website/site/content/download,42,42,0,"100,00"
/datesr/pfaa/focalboard/website/site/content/feedback,14,14,0,"100,00"
/datesr/pfaa/focalboard/website/site/content/fwlink,100,100,0,"100,00"
/datesr/pfaa/focalboard/website/site/content/guide/admin,49,49,0,"100,00"
/datesr/pfaa/focalboard/website/site/content/guide/server-setup,16,16,0,"100,00"
/datesr/pfaa/focalboard/website/site/content/guide/user,8119,8119,0,"100,00"
/datesr/pfaa/focalboard/website/site/content/guide/websocket-errors,10,10,0,"100,00"
/datesr/pfaa/focalboard/website/site/layouts,75,75,0,"100,00"
/datesr/pfaa/focalboard/website/site/layouts/_default,103,103,0,"100,00"
/datesr/pfaa/focalboard/website/site/layouts/_default/_markup,1,1,0,"100,00"
/datesr/pfaa/focalboard/website/site/layouts/blog,140,140,0,"100,00"
/datesr/pfaa/focalboard/website/site/layouts/indexes,28,28,0,"100,00"
/datesr/pfaa/focalboard/website/site/layouts/partials,492,492,0,"100,00"
/datesr/pfaa/focalboard/website/site/layouts/shortcodes,21,21,0,"100,00"
/datesr/pfaa/focalboard/website/site/static,8,8,0,"100,00"
/datesr/pfaa/focalboard/website/site/static/css,287,287,0,"100,00"
/datesr/pfaa/focalboard/website/site/static/css/partials,4243,4243,0,"100,00"
/datesr/pfaa/focalboard/website/site/static/fonts,12793,12793,0,"100,00"
/datesr/pfaa/focalboard/website/site/static/img,3022,3022,0,"100,00"
/datesr/pfaa/focalboard/website/site/static/img/3d-icons,118,118,0,"100,00"
/datesr/pfaa/focalboard/website/site/static/img/mentioned,141,141,0,"100,00"
/datesr/pfaa/focalboard/website/site/static/img/roadmap,1713,1713,0,"100,00"
/datesr/pfaa/focalboard/website/site/static/img/tabs,313,313,0,"100,00"
/datesr/pfaa/focalboard/website/site/static/img/teams,103,103,0,"100,00"
/datesr/pfaa/focalboard/website/site/static/img/templates,3116,3116,0,"100,00"
/datesr/pfaa/focalboard/website/site/static/img/views,3467,3467,0,"100,00"
/datesr/pfaa/focalboard/website/site/static/js,45,45,0,"100,00"
/datesr/pfaa/focalboard/website/site/static/lottie,1,1,0,"100,00"
/datesr/pfaa/focalboard/website/site/static/video,18678,18678,0,"100,00"
/datesr/pfaa/focalboard/website/site/themes,80,80,0,"100,00"
/datesr/pfaa/focalboard/website/site/themes/archetypes,5,5,0,"100,00"
/datesr/pfaa/focalboard/website/site/themes/content/contribute,8,8,0,"100,00"
/datesr/pfaa/focalboard/website/site/themes/layouts,48,48,0,"100,00"
/datesr/pfaa/focalboard/website/site/themes/layouts/_default,20,20,0,"100,00"
/datesr/pfaa/focalboard/website/site/themes/layouts/partials,428,428,0,"100,00"
/datesr/pfaa/focalboard/win-wpf,135,135,0,"100,00"
/datesr/pfaa/focalboard/win-wpf/Focalboard,779,779,0,"100,00"
/datesr/pfaa/focalboard/win-wpf/Focalboard/Properties,312,312,0,"100,00"
/datesr/pfaa/focalboard/win-wpf/art,513,513,0,"100,00"
/datesr/pfaa/privacy-friendly-solitaire,1258,1258,0,"100,00"
/datesr/pfaa/privacy-friendly-solitaire/.github/workflows,23,23,0,"100,00"
/datesr/pfaa/privacy-friendly-solitaire/android,509,509,0,"100,00"
/datesr/pfaa/privacy-friendly-solitaire/android/assets,494,494,0,"100,00"
/datesr/pfaa/privacy-friendly-solitaire/android/assets/cards,2321,2321,0,"100,00"
/datesr/pfaa/privacy-friendly-solitaire/android/assets/sounds,203,203,0,"100,00"
/datesr/pfaa/privacy-friendly-solitaire/android/res/drawable,889,889,0,"100,00"
/datesr/pfaa/privacy-friendly-solitaire/android/res/drawable-mdpi,794,794,0,"100,00"
/datesr/pfaa/privacy-friendly-solitaire/android/res/layout,809,809,0,"100,00"
/datesr/pfaa/privacy-friendly-solitaire/android/res/layout-sw600dp,161,161,0,"100,00"
/datesr/pfaa/privacy-friendly-solitaire/android/res/menu,41,41,0,"100,00"
/datesr/pfaa/privacy-friendly-solitaire/android/res/mipmap-hdpi,80,80,0,"100,00"
/datesr/pfaa/privacy-friendly-solitaire/android/res/mipmap-mdpi,47,47,0,"100,00"
/datesr/pfaa/privacy-friendly-solitaire/android/res/mipmap-xhdpi,119,119,0,"100,00"
/datesr/pfaa/privacy-friendly-solitaire/android/res/mipmap-xxhdpi,204,204,0,"100,00"
/datesr/pfaa/privacy-friendly-solitaire/android/res/mipmap-xxxhdpi,254,254,0,"100,00"
/datesr/pfaa/privacy-friendly-solitaire/android/res/values,303,303,0,"100,00"
/datesr/pfaa/privacy-friendly-solitaire/android/res/values-de,236,236,0,"100,00"
/datesr/pfaa/privacy-friendly-solitaire/android/res/values-w820dp,6,6,0,"100,00"
/datesr/pfaa/privacy-friendly-solitaire/android/res/xml,122,122,0,"100,00"
/datesr/pfaa/privacy-friendly-solitaire/android/src/org/secuso/privacyfriendlysolitaire,40,40,0,"100,00"
/datesr/pfaa/privacy-friendly-solitaire/android/src/org/secuso/privacyfriendlysolitaire/Activities,1306,1306,0,"100,00"
/datesr/pfaa/privacy-friendly-solitaire/android/src/org/secuso/privacyfriendlysolitaire/Utils,82,82,0,"100,00"
/datesr/pfaa/privacy-friendly-solitaire/android/src/org/secuso/privacyfriendlysolitaire/backup,130,130,0,"100,00"
/datesr/pfaa/privacy-friendly-solitaire/android/src/org/secuso/privacyfriendlysolitaire/tutorial,311,311,0,"100,00"
/datesr/pfaa/privacy-friendly-solitaire/core,24,24,0,"100,00"
/datesr/pfaa/privacy-friendly-solitaire/core/src/org/secuso/privacyfriendlysolitaire,85,85,0,"100,00"
/datesr/pfaa/privacy-friendly-solitaire/core/src/org/secuso/privacyfriendlysolitaire/game,3415,3415,0,"100,00"
/datesr/pfaa/privacy-friendly-solitaire/core/src/org/secuso/privacyfriendlysolitaire/generator,352,352,0,"100,00"
/datesr/pfaa/privacy-friendly-solitaire/core/src/org/secuso/privacyfriendlysolitaire/model,842,842,0,"100,00"
/datesr/pfaa/privacy-friendly-solitaire/core/src/org/secuso/privacyfriendlysolitaire/test,600,600,0,"100,00"
/datesr/pfaa/privacy-friendly-solitaire/fastlane/metadata/android/de,31,31,0,"100,00"
/datesr/pfaa/privacy-friendly-solitaire/fastlane/metadata/android/de-DE,32,32,0,"100,00"
/datesr/pfaa/privacy-friendly-solitaire/fastlane/metadata/android/de-DE/images,133,133,0,"100,00"
/datesr/pfaa/privacy-friendly-solitaire/fastlane/metadata/android/de-DE/images/phoneScreenshots,1202,1202,0,"100,00"
/datesr/pfaa/privacy-friendly-solitaire/fastlane/metadata/android/de/images,133,133,0,"100,00"
/datesr/pfaa/privacy-friendly-solitaire/fastlane/metadata/android/de/images/phoneScreenshots,1202,1202,0,"100,00"
/datesr/pfaa/privacy-friendly-solitaire/fastlane/metadata/android/en-US,32,32,0,"100,00"
/datesr/pfaa/privacy-friendly-solitaire/fastlane/metadata/android/en-US/images,133,133,0,"100,00"
/datesr/pfaa/privacy-friendly-solitaire/fastlane/metadata/android/en-US/images/phoneScreenshots,977,977,0,"100,00"
/datesr/pfaa/privacy-friendly-solitaire/fastlane/metadata/android/fr,1,1,0,"100,00"
/datesr/pfaa/privacy-friendly-solitaire/fastlane/metadata/android/he,1,1,0,"100,00"
/datesr/pfaa/privacy-friendly-solitaire/fastlane/metadata/android/it,1,1,0,"100,00"
/datesr/pfaa/privacy-friendly-solitaire/fastlane/metadata/android/pl,1,1,0,"100,00"
/datesr/pfaa/privacy-friendly-solitaire/fastlane/metadata/android/pt,1,1,0,"100,00"
/datesr/pfaa/privacy-friendly-solitaire/fastlane/metadata/android/pt-BR,1,1,0,"100,00"
/datesr/pfaa/privacy-friendly-solitaire/fastlane/metadata/android/pt-PT,1,1,0,"100,00"
/datesr/pfaa/privacy-friendly-solitaire/fastlane/metadata/android/ro,1,1,0,"100,00"
/datesr/pfaa/privacy-friendly-solitaire/fastlane/metadata/android/ru,1,1,0,"100,00"
/datesr/pfaa/privacy-friendly-solitaire/fastlane/metadata/android/tr,1,1,0,"100,00"
/datesr/pfaa/privacy-friendly-solitaire/fastlane/metadata/android/uk,1,1,0,"100,00"
/datesr/pfaa/privacy-friendly-solitaire/fastlane/metadata/android/zh-CN,1,1,0,"100,00"
/datesr/pfaa/privacy-friendly-solitaire/gradle/wrapper,452,452,0,"100,00"
/datesr/pfaa/sms-backup-plus,1322,1322,0,"100,00"
/datesr/pfaa/sms-backup-plus/.github/ISSUE_TEMPLATE,149,149,0,"100,00"
/datesr/pfaa/sms-backup-plus/app,127,127,0,"100,00"
/datesr/pfaa/sms-backup-plus/app/src/main,207,207,0,"100,00"
/datesr/pfaa/sms-backup-plus/app/src/main/assets,106,106,0,"100,00"
/datesr/pfaa/sms-backup-plus/app/src/main/java/com/zegoggles/smssync,306,306,0,"100,00"
/datesr/pfaa/sms-backup-plus/app/src/main/java/com/zegoggles/smssync/activity,1398,1398,0,"100,00"
/datesr/pfaa/sms-backup-plus/app/src/main/java/com/zegoggles/smssync/activity/auth,294,294,0,"100,00"
/datesr/pfaa/sms-backup-plus/app/src/main/java/com/zegoggles/smssync/activity/donation,565,565,0,"100,00"
/datesr/pfaa/sms-backup-plus/app/src/main/java/com/zegoggles/smssync/activity/events,68,68,0,"100,00"
/datesr/pfaa/sms-backup-plus/app/src/main/java/com/zegoggles/smssync/activity/fragments,638,638,0,"100,00"
/datesr/pfaa/sms-backup-plus/app/src/main/java/com/zegoggles/smssync/auth,505,505,0,"100,00"
/datesr/pfaa/sms-backup-plus/app/src/main/java/com/zegoggles/smssync/calendar,294,294,0,"100,00"
/datesr/pfaa/sms-backup-plus/app/src/main/java/com/zegoggles/smssync/compat,196,196,0,"100,00"
/datesr/pfaa/sms-backup-plus/app/src/main/java/com/zegoggles/smssync/contacts,185,185,0,"100,00"
/datesr/pfaa/sms-backup-plus/app/src/main/java/com/zegoggles/smssync/mail,1676,1676,0,"100,00"
/datesr/pfaa/sms-backup-plus/app/src/main/java/com/zegoggles/smssync/preferences,776,776,0,"100,00"
/datesr/pfaa/sms-backup-plus/app/src/main/java/com/zegoggles/smssync/receiver,200,200,0,"100,00"
/datesr/pfaa/sms-backup-plus/app/src/main/java/com/zegoggles/smssync/service,2528,2528,0,"100,00"
/datesr/pfaa/sms-backup-plus/app/src/main/java/com/zegoggles/smssync/service/exception,77,77,0,"100,00"
/datesr/pfaa/sms-backup-plus/app/src/main/java/com/zegoggles/smssync/service/state,270,270,0,"100,00"
/datesr/pfaa/sms-backup-plus/app/src/main/java/com/zegoggles/smssync/tasks,53,53,0,"100,00"
/datesr/pfaa/sms-backup-plus/app/src/main/java/com/zegoggles/smssync/utils,477,477,0,"100,00"
/datesr/pfaa/sms-backup-plus/app/src/main/res/color,18,18,0,"100,00"
/datesr/pfaa/sms-backup-plus/app/src/main/res/drawable,25,25,0,"100,00"
/datesr/pfaa/sms-backup-plus/app/src/main/res/drawable-anydpi,36,36,0,"100,00"
/datesr/pfaa/sms-backup-plus/app/src/main/res/drawable-anydpi-v26,20,20,0,"100,00"
/datesr/pfaa/sms-backup-plus/app/src/main/res/layout,127,127,0,"100,00"
/datesr/pfaa/sms-backup-plus/app/src/main/res/menu,14,14,0,"100,00"
/datesr/pfaa/sms-backup-plus/app/src/main/res/values,596,596,0,"100,00"
/datesr/pfaa/sms-backup-plus/app/src/main/res/values-ca,302,302,0,"100,00"
/datesr/pfaa/sms-backup-plus/app/src/main/res/values-cs,180,180,0,"100,00"
/datesr/pfaa/sms-backup-plus/app/src/main/res/values-da,327,327,0,"100,00"
/datesr/pfaa/sms-backup-plus/app/src/main/res/values-de,322,322,0,"100,00"
/datesr/pfaa/sms-backup-plus/app/src/main/res/values-es,179,179,0,"100,00"
/datesr/pfaa/sms-backup-plus/app/src/main/res/values-fr,325,325,0,"100,00"
/datesr/pfaa/sms-backup-plus/app/src/main/res/values-gl,336,336,0,"100,00"
/datesr/pfaa/sms-backup-plus/app/src/main/res/values-gr,285,285,0,"100,00"
/datesr/pfaa/sms-backup-plus/app/src/main/res/values-hu,303,303,0,"100,00"
/datesr/pfaa/sms-backup-plus/app/src/main/res/values-it,266,266,0,"100,00"
/datesr/pfaa/sms-backup-plus/app/src/main/res/values-ko,341,341,0,"100,00"
/datesr/pfaa/sms-backup-plus/app/src/main/res/values-nb-rNO,221,221,0,"100,00"
/datesr/pfaa/sms-backup-plus/app/src/main/res/values-nl,348,348,0,"100,00"
/datesr/pfaa/sms-backup-plus/app/src/main/res/values-pl,230,230,0,"100,00"
/datesr/pfaa/sms-backup-plus/app/src/main/res/values-pt-rPT,194,194,0,"100,00"
/datesr/pfaa/sms-backup-plus/app/src/main/res/values-ru,276,276,0,"100,00"
/datesr/pfaa/sms-backup-plus/app/src/main/res/values-sk,189,189,0,"100,00"
/datesr/pfaa/sms-backup-plus/app/src/main/res/values-sq,230,230,0,"100,00"
/datesr/pfaa/sms-backup-plus/app/src/main/res/values-sr,311,311,0,"100,00"
/datesr/pfaa/sms-backup-plus/app/src/main/res/values-sv,340,340,0,"100,00"
/datesr/pfaa/sms-backup-plus/app/src/main/res/values-tr,340,340,0,"100,00"
/datesr/pfaa/sms-backup-plus/app/src/main/res/values-uk,230,230,0,"100,00"
/datesr/pfaa/sms-backup-plus/app/src/main/res/values-zh-rCN,334,334,0,"100,00"
/datesr/pfaa/sms-backup-plus/app/src/main/res/values-zh-rTW,341,341,0,"100,00"
/datesr/pfaa/sms-backup-plus/app/src/main/res/xml,329,329,0,"100,00"
/datesr/pfaa/sms-backup-plus/app/src/test/java/com/zegoggles/smssync,24,24,0,"100,00"
/datesr/pfaa/sms-backup-plus/app/src/test/java/com/zegoggles/smssync/activity,32,32,0,"100,00"
/datesr/pfaa/sms-backup-plus/app/src/test/java/com/zegoggles/smssync/activity/donation,95,95,0,"100,00"
/datesr/pfaa/sms-backup-plus/app/src/test/java/com/zegoggles/smssync/auth,199,199,0,"100,00"
/datesr/pfaa/sms-backup-plus/app/src/test/java/com/zegoggles/smssync/calendar,106,106,0,"100,00"
/datesr/pfaa/sms-backup-plus/app/src/test/java/com/zegoggles/smssync/compat,42,42,0,"100,00"
/datesr/pfaa/sms-backup-plus/app/src/test/java/com/zegoggles/smssync/contacts,149,149,0,"100,00"
/datesr/pfaa/sms-backup-plus/app/src/test/java/com/zegoggles/smssync/mail,1145,1145,0,"100,00"
/datesr/pfaa/sms-backup-plus/app/src/test/java/com/zegoggles/smssync/preferences,94,94,0,"100,00"
/datesr/pfaa/sms-backup-plus/app/src/test/java/com/zegoggles/smssync/receiver,113,113,0,"100,00"
/datesr/pfaa/sms-backup-plus/app/src/test/java/com/zegoggles/smssync/service,1462,1462,0,"100,00"
/datesr/pfaa/sms-backup-plus/app/src/test/java/com/zegoggles/smssync/service/state,89,89,0,"100,00"
/datesr/pfaa/sms-backup-plus/app/src/test/resources,32,32,0,"100,00"
/datesr/pfaa/sms-backup-plus/gradle/wrapper,390,390,0,"100,00"
/datesr/pfaa/sms-backup-plus/metadata,20,20,0,"100,00"
/datesr/pfaa/sms-backup-plus/metadata/f-droid,255,255,0,"100,00"
/datesr/pfaa/sms-backup-plus/metadata/play,67,67,0,"100,00"
/datesr/pfaa/sms-backup-plus/metadata/play/assets,746,746,0,"100,00"
/datesr/pfaa/sms-backup-plus/metadata/play/screenshots/da,2750,2750,0,"100,00"
/datesr/pfaa/sms-backup-plus/metadata/play/screenshots/de,2779,2779,0,"100,00"
/datesr/pfaa/sms-backup-plus/metadata/play/screenshots/en,3130,3130,0,"100,00"
/datesr/pfaa/sms-backup-plus/metadata/play/screenshots/fr,2891,2891,0,"100,00"
/datesr/pfaa/sms-backup-plus/metadata/play/screenshots/gl,2855,2855,0,"100,00"
/datesr/pfaa/sms-backup-plus/metadata/play/screenshots/ko,2338,2338,0,"100,00"
/datesr/pfaa/sms-backup-plus/metadata/play/screenshots/nl,2851,2851,0,"100,00"
/datesr/pfaa/sms-backup-plus/metadata/play/screenshots/pl,3185,3185,0,"100,00"
/datesr/pfaa/sms-backup-plus/metadata/play/screenshots/tr,2327,2327,0,"100,00"
/datesr/pfaa/sms-backup-plus/metadata/play/screenshots/zh-rCN,3035,3035,0,"100,00"
/datesr/pfaa/sms-backup-plus/metadata/play/screenshots/zh-rTW,3266,3266,0,"100,00"
/datesr/pfaa/sms-backup-plus/metadata/play/text/da,14,14,0,"100,00"
/datesr/pfaa/sms-backup-plus/metadata/play/text/de,11,11,0,"100,00"
/datesr/pfaa/sms-backup-plus/metadata/play/text/en,14,14,0,"100,00"
/datesr/pfaa/sms-backup-plus/metadata/play/text/fr,11,11,0,"100,00"
/datesr/pfaa/sms-backup-plus/metadata/play/text/gl,11,11,0,"100,00"
/datesr/pfaa/sms-backup-plus/metadata/play/text/ko,18,18,0,"100,00"
/datesr/pfaa/sms-backup-plus/metadata/play/text/nl,14,14,0,"100,00"
/datesr/pfaa/sms-backup-plus/metadata/play/text/pl,12,12,0,"100,00"
/datesr/pfaa/sms-backup-plus/metadata/play/text/tr,14,14,0,"100,00"
/datesr/pfaa/sms-backup-plus/metadata/play/text/zh-rCN,11,11,0,"100,00"
/datesr/pfaa/sms-backup-plus/metadata/play/text/zh-rTW,11,11,0,"100,00"
/datesr/pfaa/vidmate-app-download,36,36,0,"100,00"
/datesr/reports,496,496,0,"100,00"
